{
  "left": {
    "cameraMatrix": [
      [
        486.53675607,
        0.0,
        328.42239064
      ],
      [
        0.0,
        486.21245165,
        260.96409507
      ],
      [
        0.0,
        0.0,
        1.0
      ]
    ],
    "distortionCoeffs": [
      [
        -0.41061177,
        0.01454328,
        -0.00220094,
        -0.00079342,
        0.64950003
      ]
    ],
    "homography": [
      [
        0.05491631318796179,
        0.48848901621913876,
        -124.70592427851065
      ],
      [
        -0.5238425744489297,
        0.026348892337071442,
        168.3029265993255
      ],
      [
        -0.0006150177638765999,
        -0.0003186478988981902,
        1.0
      ]
    ]
  },
  "mid": {
    "cameraMatrix": [
      [
        478.66225232,
        0.0,
        346.2049993
      ],
      [
        0.0,
        478.26439239,
        211.95438758
      ],
      [
        0.0,
        0.0,
        1.0
      ]
    ],
    "distortionCoeffs": [
      [
        -0.39941367,
        0.20329422,
        -0.00136692,
        0.00138915,
        -0.04521047
      ]
    ],
    "homography": [
      [
        0.19123533132645584,
        -0.5020142103061752,
        88.51757836162518
      ],
      [
        0.5084405195952214,
        0.2036792915000495,
        -224.3539838504618
      ],
      [
        -0.0002777484933085742,
        -4.2456455501768485e-06,
        1.0
      ]
    ]
  },
  "right": {
    "cameraMatrix": [
      [
        473.0843103,
        0.0,
        279.05359856
      ],
      [
        0.0,
        473.45412551,
        229.14448523
      ],
      [
        0.0,
        0.0,
        1.0
      ]
    ],
    "distortionCoeffs": [
      [
        -0.38025227,
        0.09348861,
        -0.00270885,
        0.00242282,
        0.08861246
      ]
    ],
    "homography": [
      [
        0.1461047718127499,
        0.7824755668456957,
        -84.55650370848956
      ],
      [
        -0.7201243498477419,
        0.15243621031812274,
        300.07399902152144
      ],
      [
        0.0001798344182572479,
        0.0002923540316089283,
        1.0
      ]
    ]
  }
}